road_id,road_name,area,zone,ward,latitude,longitude,road_type,pavement_type,length_km,road_age_years,years_since_last_repair,potholes_per_km,avg_pothole_severity_1_5,crack_percent,surface_distress_index,roughness_iri,drainage_score_0_100,waterlogging_days_per_year,traffic_pcu_per_day,heavy_vehicle_percent,bus_route,near_school_hospital,accident_count_3y,complaints_90d,flood_vulnerability_0_100,civic_importance_0_100,priority_score,priority_label,recommended_action,estimated_cost_cr,recommendation_reason,future_score_12m,future_label_12m,optimization_benefit,condition_score,usage_score,safety_score,drainage_score,civic_score
CHN-RD-011,Anna Nagar School Road,Anna Nagar,8,103,13.067348,80.194809,bus_route,cement_concrete,2.76,15,10,20,5.0,47.8,99.4,9.2,23.0,13.0,51122,23.2,1,0,10,63,57.7,76.0,73.88,Critical,reconstruction,4.14,severe structural damage and high urgency,82.7,Critical,406.75,85.65,67.55,72.33,59.43,57.0
CHN-RD-063,Perambur 2nd Avenue,Perambur,6,71,13.115109,80.244418,bus_route,bituminous,3.86,22,12,17,4.9,68.3,100.0,10.0,25.0,24.0,27454,20.4,0,1,4,59,73.9,98.0,70.56,Critical,reconstruction,5.79,severe structural damage and high urgency,80.06,Critical,518.88,85.67,33.96,60.07,76.42,98.5
CHN-RD-098,Tambaram High Road,Tambaram,15,199,12.928943,80.083981,bus_route,bituminous,5.2,14,8,18,2.4,63.6,78.0,7.7,35.0,30.0,51508,17.1,1,1,8,54,89.3,92.0,69.96,Critical,resurfacing,3.12,surface deterioration is beyond minor patching,80.81,Critical,559.92,67.77,65.35,59.62,84.54,94.0
CHN-RD-099,Royapuram Station Road,Royapuram,5,49,13.114088,80.279396,bus_route,cement_concrete,5.71,12,10,18,4.1,64.4,85.1,10.0,39.0,16.0,34990,22.4,1,0,7,42,55.4,93.0,68.12,Critical,reconstruction,8.56,severe structural damage and high urgency,76.55,Critical,715.4,79.66,57.37,60.75,56.64,69.75
CHN-RD-053,Kodambakkam Market Road,Kodambakkam,10,133,13.040703,80.235549,collector,bituminous,4.66,18,7,18,4.3,55.9,100.0,8.8,26.0,17.0,24405,18.5,0,1,11,56,72.0,99.0,67.91,High,reconstruction,6.99,severe structural damage and high urgency,76.01,Critical,580.25,78.28,28.93,70.75,67.33,99.25
CHN-RD-086,Royapuram Station Road,Royapuram,5,48,13.106336,80.31054,bus_route,bituminous,4.88,20,13,18,3.9,73.2,88.4,9.3,33.0,8.0,24943,19.1,1,1,10,35,52.7,66.0,67.3,High,reconstruction,7.32,severe structural damage and high urgency,74.16,Critical,596.78,81.2,49.9,62.67,48.59,74.5
CHN-RD-077,Adyar Link Road,Adyar,13,173,13.014631,80.257179,bus_route,cement_concrete,5.0,21,13,15,3.4,76.1,90.1,9.7,36.0,12.0,30857,12.7,1,1,10,30,58.2,87.0,67.22,High,reconstruction,7.5,severe structural damage and high urgency,74.75,Critical,610.0,75.44,50.96,62.21,53.86,90.25
CHN-RD-070,Anna Nagar High Road,Anna Nagar,8,103,13.083083,80.217436,interior,bituminous,2.72,24,11,21,3.3,85.0,99.2,10.0,34.0,24.0,13809,1.5,0,0,10,69,79.5,47.0,63.28,High,reconstruction,4.08,severe structural damage and high urgency,72.22,Critical,294.08,85.76,12.65,77.14,74.95,35.25
CHN-RD-044,Guindy School Road,Guindy,13,170,12.996346,80.198451,interior,bituminous,2.07,16,9,19,4.1,46.1,100.0,9.9,16.0,22.0,4616,1.9,0,0,7,59,80.3,71.0,59.36,High,reconstruction,3.1,severe structural damage and high urgency,67.4,High,196.93,78.47,7.18,66.49,79.16,53.25
CHN-RD-027,Kodambakkam Link Road,Kodambakkam,10,133,13.050092,80.236813,interior,paver_block,0.49,16,12,22,4.5,56.1,73.7,7.6,39.0,12.0,12391,5.8,0,0,6,65,52.3,76.0,58.63,High,reconstruction,0.73,severe structural damage and high urgency,65.64,High,45.48,83.45,13.5,58.71,51.04,57.0
CHN-RD-082,Anna Nagar Market Road,Anna Nagar,8,102,13.067444,80.206997,interior,bituminous,2.81,20,9,19,3.4,58.5,88.4,9.5,19.0,7.0,8883,13.4,0,1,8,39,49.4,70.0,58.13,High,reconstruction,4.21,severe structural damage and high urgency,64.02,High,256.37,75.79,14.39,60.26,51.34,77.5
CHN-RD-033,Perambur 2nd Avenue,Perambur,6,70,13.133431,80.221772,bus_route,bituminous,5.16,13,9,9,3.2,30.6,51.3,3.9,29.0,19.0,50615,25.3,1,1,4,34,67.0,95.0,55.4,High,drainage repair,1.81,waterlogging is likely accelerating road failure,63.98,High,300.9,48.21,68.08,30.81,67.12,96.25
CHN-RD-090,T Nagar High Road,T Nagar,10,137,13.027911,80.244004,arterial,cement_concrete,2.67,13,8,8,3.8,32.9,71.6,6.0,73.0,7.0,74872,22.2,1,0,8,19,27.1,83.0,55.14,High,pothole patching,0.48,localized pothole damage can be repaired quickly,63.06,High,116.9,52.77,84.68,41.45,25.75,62.25
CHN-RD-059,Royapuram Canal Bank Road,Royapuram,5,48,13.113793,80.283471,interior,cement_concrete,3.21,18,9,14,2.2,55.9,100.0,10.0,22.0,8.0,4614,1.0,0,1,9,44,51.7,90.0,54.69,Medium,resurfacing,1.93,surface deterioration is beyond minor patching,60.21,High,211.22,64.18,6.82,65.96,52.14,92.5
CHN-RD-094,Mylapore 1st Street,Mylapore,9,123,13.039497,80.277033,arterial,bituminous,5.26,15,0,8,2.8,39.1,57.0,6.2,20.0,18.0,59918,26.6,1,1,3,33,66.1,84.0,53.79,Medium,drainage repair,1.84,waterlogging is likely accelerating road failure,62.32,High,289.16,38.69,77.3,35.87,68.83,88.0
CHN-RD-089,Mylapore Station Road,Mylapore,9,123,13.020951,80.263025,arterial,bituminous,5.74,10,9,11,3.8,38.2,61.8,6.6,34.0,14.0,50524,21.8,0,0,8,35,61.8,42.0,52.11,Medium,pothole patching,1.03,localized pothole damage can be repaired quickly,60.22,High,224.45,57.5,51.63,49.17,57.97,31.5
CHN-RD-042,Kodambakkam Station Road,Kodambakkam,10,132,13.040067,80.218719,interior,bituminous,2.33,14,8,11,3.7,21.2,61.1,7.0,19.0,27.0,12686,2.4,0,1,3,45,80.2,91.0,49.57,Medium,drainage repair,0.82,waterlogging is likely accelerating road failure,57.9,High,108.78,52.06,12.32,42.82,83.91,93.25
CHN-RD-058,Mylapore High Road,Mylapore,9,122,13.050906,80.274824,interior,bituminous,1.04,12,8,12,2.0,64.4,73.7,7.7,17.0,23.0,10594,13.5,0,0,5,38,81.0,72.0,48.67,Medium,resurfacing,0.62,surface deterioration is beyond minor patching,56.46,High,54.2,56.82,15.48,47.15,80.18,54.0
CHN-RD-097,Adyar School Road,Adyar,13,175,12.999014,80.265255,interior,bituminous,2.07,19,8,12,2.8,66.6,79.8,9.3,20.0,9.0,11155,9.2,0,1,0,31,51.5,68.0,48.5,Medium,resurfacing,1.24,surface deterioration is beyond minor patching,54.38,Medium,107.12,62.35,14.1,38.74,53.95,76.0
CHN-RD-084,Tambaram Link Road,Tambaram,15,200,12.934534,80.082969,arterial,bituminous,6.39,5,2,7,3.7,18.8,32.2,2.7,33.0,17.0,50590,19.1,1,1,3,23,61.9,99.0,47.96,Medium,pothole patching,1.15,localized pothole damage can be repaired quickly,55.84,High,211.65,35.0,68.59,20.63,61.85,99.25
CHN-RD-017,Thiruvanmiyur High Road,Thiruvanmiyur,13,178,12.97293,80.256889,bus_route,bituminous,7.2,15,9,6,2.6,40.0,64.1,5.2,88.0,7.0,47223,13.6,1,1,5,8,13.6,99.0,47.58,Medium,pothole patching,1.3,localized pothole damage can be repaired quickly,54.13,Medium,234.72,45.3,61.33,28.11,16.45,99.25
CHN-RD-009,T Nagar Market Road,T Nagar,10,136,13.031153,80.241883,bus_route,bituminous,1.84,16,8,11,2.2,37.7,67.2,5.1,45.0,10.0,21727,21.5,1,0,3,23,45.0,94.0,46.72,Medium,pothole patching,0.33,localized pothole damage can be repaired quickly,52.79,Medium,57.83,49.31,48.89,28.63,44.42,70.5
CHN-RD-039,Kodambakkam Station Road,Kodambakkam,10,131,13.066774,80.219096,interior,bituminous,1.9,15,8,14,3.3,34.6,79.3,7.1,35.0,6.0,9905,10.1,0,0,5,28,48.3,82.0,45.78,Medium,resurfacing,1.14,surface deterioration is beyond minor patching,51.1,Medium,87.6,60.37,13.7,41.58,44.24,61.5
CHN-RD-092,T Nagar 2nd Avenue,T Nagar,10,137,13.038712,80.232372,bus_route,bituminous,2.51,10,4,10,3.2,20.0,68.2,2.6,63.0,2.0,51712,17.0,1,0,5,26,19.5,70.0,43.66,Medium,pothole patching,0.45,localized pothole damage can be repaired quickly,49.64,Medium,68.9,45.09,65.44,25.87,21.13,52.5
CHN-RD-003,Perambur Canal Bank Road,Perambur,6,70,13.129892,80.230024,bus_route,bituminous,4.27,9,8,7,1.5,30.0,59.5,4.2,75.0,5.0,21665,19.6,1,1,6,24,16.0,100.0,42.97,Medium,pothole patching,0.77,localized pothole damage can be repaired quickly,47.93,Medium,113.53,37.16,48.09,32.74,19.38,100.0
CHN-RD-030,Perambur 1st Street,Perambur,6,71,13.116787,80.245416,interior,bituminous,3.33,9,6,8,3.6,42.3,65.8,5.5,19.0,28.0,8068,1.5,0,0,4,29,87.4,61.0,42.36,Medium,drainage repair,1.17,waterlogging is likely accelerating road failure,50.62,Medium,113.53,50.9,9.14,34.36,87.24,45.75
CHN-RD-062,Thiruvanmiyur High Road,Thiruvanmiyur,13,179,12.985653,80.270619,arterial,bituminous,3.86,15,3,7,2.9,29.2,52.5,5.4,71.0,7.0,33312,16.6,1,1,0,15,28.3,83.0,41.93,Medium,pothole patching,0.69,localized pothole damage can be repaired quickly,47.69,Medium,97.72,37.8,57.02,20.02,26.81,87.25
CHN-RD-019,Mylapore Station Road,Mylapore,9,122,13.042865,80.253575,bus_route,paver_block,6.54,5,4,7,3.5,22.2,37.1,3.2,71.0,0.0,43822,15.0,1,1,6,10,14.0,73.0,41.29,Medium,pothole patching,1.18,localized pothole damage can be repaired quickly,46.42,Medium,160.56,37.6,59.81,24.4,14.35,79.75
CHN-RD-036,Anna Nagar High Road,Anna Nagar,8,101,13.075453,80.211452,interior,bituminous,2.67,13,10,9,2.8,49.1,56.6,5.1,29.0,22.0,8586,12.3,0,0,2,30,81.4,58.0,41.28,Medium,resurfacing,1.6,surface deterioration is beyond minor patching,48.7,Medium,100.1,52.27,13.77,28.88,74.94,43.5
CHN-RD-073,T Nagar 1st Street,T Nagar,10,137,13.025393,80.231903,collector,bituminous,5.81,14,8,11,2.4,47.9,55.4,5.3,81.0,4.0,16525,7.4,0,1,0,30,9.9,96.0,40.31,Medium,resurfacing,3.49,surface deterioration is beyond minor patching,45.31,Medium,207.69,50.6,19.67,25.05,14.29,97.0
CHN-RD-016,Adyar Canal Bank Road,Adyar,13,173,13.021729,80.243969,bus_route,bituminous,1.65,8,7,6,1.2,17.8,39.7,5.1,55.0,3.0,47846,27.3,1,0,2,22,25.1,86.0,38.63,Low,pothole patching,0.3,localized pothole damage can be repaired quickly,44.06,Medium,35.46,27.15,67.19,26.02,26.78,64.5
CHN-RD-008,Velachery Canal Bank Road,Velachery,13,178,12.983463,80.208273,interior,bituminous,3.54,15,8,11,3.9,41.5,58.5,6.9,58.0,3.0,4104,8.2,0,0,4,15,32.5,56.0,38.55,Low,pothole patching,0.64,localized pothole damage can be repaired quickly,43.08,Medium,75.76,57.18,9.39,34.02,27.95,42.0
CHN-RD-032,Kodambakkam 2nd Avenue,Kodambakkam,10,132,13.047894,80.212741,interior,bituminous,2.83,16,8,14,3.7,34.5,53.9,6.1,95.0,4.0,3088,7.2,0,0,3,35,1.6,61.0,37.4,Low,pothole patching,0.51,localized pothole damage can be repaired quickly,42.07,Medium,57.0,58.03,8.37,36.25,6.9,45.75
CHN-RD-024,Kodambakkam High Road,Kodambakkam,10,131,13.048825,80.210167,bus_route,bituminous,3.28,12,2,3,2.7,19.7,55.8,6.2,30.0,6.0,26295,18.8,0,1,2,8,45.6,95.0,37.05,Low,preventive maintenance,0.39,"road is not critical yet, but early treatment prevents decline",42.09,Medium,49.53,28.62,32.61,24.69,45.18,96.25
CHN-RD-026,Thiruvanmiyur Station Road,Thiruvanmiyur,13,180,12.978447,80.25759,bus_route,bituminous,3.23,10,7,5,3.3,31.9,34.0,2.8,64.0,3.0,35337,21.3,1,0,4,9,25.7,56.0,37.03,Low,preventive maintenance,0.39,"road is not critical yet, but early treatment prevents decline",42.29,Medium,48.72,38.46,57.14,18.21,23.81,42.0
CHN-RD-068,Royapuram 1st Street,Royapuram,5,48,13.107605,80.30372,bus_route,bituminous,7.12,6,3,5,1.8,18.0,29.7,3.6,76.0,4.0,44017,14.1,1,0,11,6,26.6,84.0,36.67,Low,preventive maintenance,0.85,"road is not critical yet, but early treatment prevents decline",41.98,Medium,105.32,23.1,59.57,35.56,21.05,63.0
CHN-RD-066,Guindy 1st Street,Guindy,13,169,13.022006,80.207461,arterial,bituminous,4.43,16,5,4,1.2,47.4,64.4,2.8,64.0,8.0,37987,16.8,1,0,5,12,31.7,52.0,36.63,Low,resurfacing,2.66,surface deterioration is beyond minor patching,42.59,Medium,130.77,33.21,59.96,21.54,31.44,39.0
CHN-RD-074,T Nagar Market Road,T Nagar,10,137,13.038788,80.221472,interior,bituminous,1.16,11,9,9,2.6,39.0,77.1,6.6,66.0,8.0,12296,3.5,0,0,1,8,38.6,68.0,36.23,Low,pothole patching,0.21,localized pothole damage can be repaired quickly,41.68,Medium,21.93,51.48,12.52,23.77,32.81,51.0
CHN-RD-041,Velachery Link Road,Velachery,13,178,12.974959,80.233202,bus_route,bituminous,2.01,14,1,6,1.9,28.5,34.5,6.0,82.0,8.0,21930,24.5,1,0,0,25,20.3,93.0,34.78,Low,pothole patching,0.36,localized pothole damage can be repaired quickly,39.87,Low,35.01,26.18,50.22,25.6,21.72,69.75
CHN-RD-091,Mylapore School Road,Mylapore,9,122,13.038081,80.279955,interior,cement_concrete,2.97,15,8,6,1.6,62.7,47.4,6.0,60.0,3.0,6080,1.0,0,0,5,15,31.8,95.0,34.65,Low,resurfacing,1.78,surface deterioration is beyond minor patching,38.8,Low,78.45,41.57,7.72,33.27,27.04,71.25
CHN-RD-056,Royapuram 2nd Avenue,Royapuram,5,48,13.130279,80.278333,bus_route,bituminous,5.58,1,0,3,2.8,11.1,34.1,3.5,19.0,29.0,20280,11.7,0,1,0,16,92.1,87.0,34.63,Low,drainage repair,1.95,waterlogging is likely accelerating road failure,42.66,Medium,127.14,21.49,26.09,14.05,89.81,90.25
CHN-RD-014,Velachery High Road,Velachery,13,178,12.990002,80.220956,bus_route,bituminous,5.08,12,5,7,1.7,39.3,68.9,4.9,89.0,3.0,25578,12.5,1,0,0,16,9.8,62.0,34.49,Low,pothole patching,0.91,localized pothole damage can be repaired quickly,39.36,Low,87.02,38.86,47.65,18.71,10.29,46.5
CHN-RD-048,Anna Nagar Canal Bank Road,Anna Nagar,8,102,13.067656,80.203219,interior,paver_block,1.68,9,9,7,1.0,40.4,47.6,4.7,60.0,5.0,4963,5.9,0,1,4,21,32.7,92.0,34.32,Low,pothole patching,0.3,localized pothole damage can be repaired quickly,38.55,Low,28.49,35.98,9.0,28.83,29.64,94.0
CHN-RD-037,Mylapore Station Road,Mylapore,9,122,13.03976,80.274801,bus_route,bituminous,4.01,5,3,7,1.7,19.3,9.7,4.7,78.0,4.0,50069,25.4,0,1,7,1,16.2,72.0,34.19,Low,pothole patching,0.72,localized pothole damage can be repaired quickly,39.72,Low,67.5,22.29,49.79,28.44,17.23,79.0
CHN-RD-046,Anna Nagar Canal Bank Road,Anna Nagar,8,102,13.083658,80.212055,interior,cement_concrete,2.05,15,10,8,2.6,39.6,61.2,6.5,87.0,7.0,11748,14.0,0,0,4,27,14.9,31.0,34.12,Low,pothole patching,0.37,localized pothole damage can be repaired quickly,39.31,Low,34.37,48.51,16.39,36.98,17.19,23.25
CHN-RD-054,Nungambakkam School Road,Nungambakkam,9,110,13.065659,80.256707,interior,bituminous,0.82,15,0,5,2.7,30.4,27.4,5.8,30.0,6.0,7307,7.8,0,1,6,16,52.6,88.0,33.91,Low,preventive maintenance,0.1,"road is not critical yet, but early treatment prevents decline",38.12,Low,10.37,27.0,11.19,35.21,47.28,91.0
CHN-RD-061,Perambur Market Road,Perambur,6,69,13.130472,80.232538,interior,bituminous,1.45,12,6,6,3.2,31.9,51.9,5.9,24.0,12.0,4642,19.3,0,0,0,7,67.4,61.0,33.82,Low,pothole patching,0.26,localized pothole damage can be repaired quickly,39.25,Low,23.88,41.4,14.16,18.83,60.82,45.75
CHN-RD-047,T Nagar Market Road,T Nagar,10,137,13.045324,80.244512,interior,bituminous,2.6,11,9,10,2.2,31.1,51.5,5.2,83.0,5.0,10292,15.3,0,0,3,20,24.0,69.0,33.76,Low,pothole patching,0.47,localized pothole damage can be repaired quickly,38.48,Low,42.67,44.75,16.02,27.89,18.98,51.75
CHN-RD-045,Perambur 2nd Avenue,Perambur,6,69,13.109246,80.220103,interior,bituminous,1.6,14,1,7,1.9,21.0,46.7,4.4,35.0,14.0,6486,13.4,0,1,4,28,61.8,74.0,33.65,Low,pothole patching,0.29,localized pothole damage can be repaired quickly,39.06,Low,26.09,27.96,12.93,30.33,57.62,80.5
CHN-RD-083,Nungambakkam Link Road,Nungambakkam,9,110,13.039144,80.238745,collector,cement_concrete,7.37,17,2,7,1.8,28.1,38.4,5.5,85.0,4.0,21475,19.2,0,1,1,26,14.6,98.0,33.53,Low,pothole patching,1.33,localized pothole damage can be repaired quickly,38.07,Low,119.32,28.65,27.42,26.54,14.3,98.5
CHN-RD-015,Mylapore 2nd Avenue,Mylapore,9,124,13.039799,80.273993,interior,bituminous,0.79,14,10,9,3.4,39.4,60.4,4.2,75.0,0.0,8711,1.7,0,0,4,21,20.2,41.0,33.4,Low,pothole patching,0.14,localized pothole damage can be repaired quickly,37.57,Low,12.69,53.73,9.61,27.17,14.81,30.75
CHN-RD-023,Adyar Link Road,Adyar,13,173,12.99649,80.257031,bus_route,bituminous,6.26,3,2,1,2.1,16.5,13.5,4.3,76.0,5.0,33945,14.1,1,1,4,3,24.7,99.0,32.95,Low,preventive maintenance,0.75,"road is not critical yet, but early treatment prevents decline",37.74,Low,74.76,14.91,53.41,21.07,21.64,99.25
CHN-RD-031,Mylapore School Road,Mylapore,9,124,13.018791,80.263528,bus_route,bituminous,3.82,5,3,6,2.9,10.8,20.5,3.4,64.0,1.0,50918,10.6,0,0,7,17,28.9,63.0,32.54,Low,pothole patching,0.69,localized pothole damage can be repaired quickly,37.79,Low,58.25,26.81,44.39,29.82,22.44,47.25
CHN-RD-051,Kodambakkam Link Road,Kodambakkam,10,133,13.051288,80.229653,interior,cement_concrete,3.62,8,7,8,2.0,51.8,43.4,5.0,61.0,5.0,8227,12.6,0,0,0,21,26.0,80.0,32.52,Low,resurfacing,2.17,surface deterioration is beyond minor patching,37.08,Low,84.22,42.23,13.67,20.83,27.28,60.0
CHN-RD-006,Velachery Main Road,Velachery,13,176,12.960026,80.203831,interior,bituminous,2.25,9,8,7,2.3,19.9,43.0,3.9,88.0,3.0,12438,3.7,0,1,3,18,12.3,95.0,32.31,Low,pothole patching,0.4,localized pothole damage can be repaired quickly,36.55,Low,33.82,36.09,12.69,22.85,11.39,96.25
CHN-RD-013,Tambaram Canal Bank Road,Tambaram,15,199,12.940713,80.086152,arterial,paver_block,3.1,4,3,2,2.2,29.7,37.4,3.1,67.0,7.0,43079,14.1,0,0,4,17,27.0,85.0,32.31,Low,preventive maintenance,0.37,"road is not critical yet, but early treatment prevents decline",38.08,Low,35.6,24.84,43.99,22.07,27.82,63.75
CHN-RD-005,Nungambakkam High Road,Nungambakkam,9,111,13.056396,80.226992,arterial,bituminous,2.57,4,2,0,3.2,11.6,28.1,3.4,75.0,2.0,40016,15.1,1,1,2,0,21.9,70.0,32.27,Low,preventive maintenance,0.31,"road is not critical yet, but early treatment prevents decline",37.03,Low,29.44,20.39,60.52,12.5,17.65,77.5
CHN-RD-010,Tambaram 2nd Avenue,Tambaram,15,200,12.910629,80.113613,interior,bituminous,1.93,3,0,5,1.0,20.0,34.6,3.7,24.0,13.0,10008,14.2,0,1,6,16,70.4,100.0,31.96,Low,preventive maintenance,0.23,"road is not critical yet, but early treatment prevents decline",37.04,Low,21.69,17.38,15.4,28.21,62.89,100.0
CHN-RD-095,Thiruvanmiyur Link Road,Thiruvanmiyur,13,179,12.980143,80.25077,interior,bituminous,2.14,15,0,9,3.5,27.7,42.0,4.0,75.0,7.0,2632,4.6,0,1,4,15,30.9,65.0,31.66,Low,pothole patching,0.39,localized pothole damage can be repaired quickly,36.17,Low,30.89,38.47,7.05,24.36,26.19,73.75
CHN-RD-096,Tambaram Canal Bank Road,Tambaram,15,198,12.933822,80.09264,bus_route,bituminous,6.88,5,0,3,2.0,24.9,26.2,4.8,93.0,2.0,41038,14.9,1,0,9,19,13.1,46.0,31.58,Low,preventive maintenance,0.83,"road is not critical yet, but early treatment prevents decline",36.35,Low,75.48,19.26,58.07,39.7,8.71,34.5
CHN-RD-043,Perambur Main Road,Perambur,6,69,13.110359,80.248632,bus_route,bituminous,6.03,2,2,2,1.7,17.3,18.5,3.2,62.0,7.0,47039,16.1,1,0,7,0,24.8,70.0,31.34,Low,preventive maintenance,0.72,"road is not critical yet, but early treatment prevents decline",36.99,Low,65.15,15.34,62.22,23.08,28.91,52.5
CHN-RD-065,Perambur 1st Street,Perambur,6,69,13.113044,80.225346,collector,cement_concrete,5.92,2,2,3,1.0,20.8,46.3,3.6,32.0,26.0,25996,14.9,0,0,4,23,81.3,53.0,30.2,Low,drainage repair,2.07,waterlogging is likely accelerating road failure,37.93,Low,102.59,18.75,28.46,25.88,78.52,39.75
CHN-RD-079,Royapuram School Road,Royapuram,5,50,13.112836,80.300323,interior,bituminous,0.97,4,4,4,3.3,26.4,26.4,4.7,91.0,5.0,4939,8.4,0,1,5,8,6.2,89.0,30.15,Low,preventive maintenance,0.12,"road is not critical yet, but early treatment prevents decline",34.25,Low,9.7,31.53,9.98,26.44,10.84,91.75
CHN-RD-052,T Nagar Market Road,T Nagar,10,135,13.044344,80.222843,interior,bituminous,2.24,17,6,6,1.4,42.2,54.4,6.1,43.0,12.0,4321,1.0,0,0,2,15,54.0,57.0,30.05,Low,pothole patching,0.4,localized pothole damage can be repaired quickly,35.28,Low,29.13,35.14,6.64,26.86,50.15,42.75
CHN-RD-087,Nungambakkam Market Road,Nungambakkam,9,111,13.054249,80.241134,interior,cement_concrete,1.92,7,7,6,4.1,31.8,46.3,4.2,76.0,7.0,8206,2.6,0,0,0,26,20.3,42.0,29.71,Low,pothole patching,0.35,localized pothole damage can be repaired quickly,34.68,Low,24.4,45.93,9.66,19.95,22.66,31.5
CHN-RD-028,Thiruvanmiyur Station Road,Thiruvanmiyur,13,180,12.983413,80.244958,interior,bituminous,2.66,6,2,6,2.2,19.3,33.8,4.4,80.0,8.0,9244,15.4,0,1,0,30,23.2,88.0,29.52,Low,pothole patching,0.48,localized pothole damage can be repaired quickly,34.1,Low,33.38,26.49,15.42,22.05,23.29,91.0
CHN-RD-064,Nungambakkam Market Road,Nungambakkam,9,110,13.044352,80.249358,bus_route,bituminous,3.49,4,3,3,1.2,6.1,37.5,5.0,94.0,3.0,19746,18.9,1,1,0,10,9.3,93.0,29.4,Low,preventive maintenance,0.42,"road is not critical yet, but early treatment prevents decline",33.34,Low,33.18,15.95,46.64,16.9,8.39,94.75
CHN-RD-055,Velachery School Road,Velachery,13,177,12.980621,80.231193,interior,bituminous,3.54,17,4,6,2.9,28.0,63.9,6.1,74.0,2.0,3853,1.0,0,0,3,17,16.7,65.0,29.38,Low,pothole patching,0.64,localized pothole damage can be repaired quickly,33.21,Low,44.0,39.06,6.36,29.82,16.44,48.75
CHN-RD-049,Mylapore 1st Street,Mylapore,9,123,13.037881,80.278786,collector,cement_concrete,2.86,5,1,6,1.1,18.0,31.0,2.9,79.0,8.0,18692,20.1,0,1,4,15,30.8,88.0,28.73,Low,pothole patching,0.51,localized pothole damage can be repaired quickly,33.48,Low,33.99,19.22,26.08,20.69,25.92,91.0
CHN-RD-022,Kodambakkam 1st Street,Kodambakkam,10,131,13.043089,80.222131,arterial,bituminous,5.05,11,3,5,1.2,32.1,36.9,5.7,77.0,6.0,45981,19.6,0,0,2,21,18.7,21.0,28.57,Low,preventive maintenance,0.61,"road is not critical yet, but early treatment prevents decline",34.3,Low,45.34,24.5,47.97,27.67,20.66,15.75
CHN-RD-075,Kodambakkam 1st Street,Kodambakkam,10,133,13.060475,80.227619,interior,bituminous,1.39,5,3,5,2.6,23.7,19.8,1.6,78.0,6.0,3444,16.1,0,1,4,16,24.5,97.0,28.43,Low,preventive maintenance,0.17,"road is not critical yet, but early treatment prevents decline",32.47,Low,12.36,26.7,12.15,16.71,22.05,97.75
CHN-RD-060,Velachery Main Road,Velachery,13,176,12.973426,80.220133,interior,bituminous,3.46,11,9,6,1.6,20.1,40.4,6.3,86.0,4.0,3174,13.8,0,1,0,12,10.0,71.0,28.4,Low,pothole patching,0.62,localized pothole damage can be repaired quickly,32.28,Low,40.19,31.79,11.06,21.95,12.57,78.25
CHN-RD-093,Anna Nagar Market Road,Anna Nagar,8,103,13.087806,80.212481,interior,bituminous,2.75,12,7,7,2.0,20.0,44.3,4.1,59.0,1.0,10496,9.7,0,0,0,26,24.1,61.0,27.09,Low,pothole patching,0.49,localized pothole damage can be repaired quickly,30.89,Low,29.06,33.83,13.9,19.62,22.75,45.75
CHN-RD-020,Adyar 2nd Avenue,Adyar,13,175,13.013085,80.274094,bus_route,bituminous,6.03,8,3,3,1.0,17.6,30.4,2.0,65.0,1.0,33633,5.8,1,1,0,5,15.5,66.0,26.79,Low,preventive maintenance,0.72,"road is not critical yet, but early treatment prevents decline",31.01,Low,47.61,16.33,49.9,5.12,18.07,74.5
CHN-RD-100,Velachery Market Road,Velachery,13,177,12.987336,80.223275,interior,bituminous,0.71,4,1,1,1.0,32.3,45.0,6.6,16.0,20.0,10836,1.0,0,0,0,13,75.3,73.0,26.72,Low,drainage repair,0.25,waterlogging is likely accelerating road failure,32.89,Low,9.63,17.32,10.63,23.31,75.32,54.75
CHN-RD-080,Anna Nagar High Road,Anna Nagar,8,102,13.072848,80.200757,interior,cement_concrete,3.06,4,4,4,1.6,36.9,31.1,3.0,89.0,7.0,3197,6.6,0,1,1,17,24.6,95.0,26.68,Low,preventive maintenance,0.37,"road is not critical yet, but early treatment prevents decline",30.85,Low,23.96,26.19,8.2,14.99,19.4,96.25
CHN-RD-081,Tambaram School Road,Tambaram,15,198,12.934698,80.092634,bus_route,bituminous,5.94,3,2,1,1.5,8.1,6.5,1.6,75.0,5.0,46645,22.7,1,0,3,12,19.4,68.0,26.2,Low,preventive maintenance,0.71,"road is not critical yet, but early treatment prevents decline",31.34,Low,44.85,8.83,64.62,13.04,20.4,51.0
CHN-RD-069,Nungambakkam Main Road,Nungambakkam,9,110,13.062433,80.24944,interior,bituminous,3.08,7,2,4,2.1,14.5,40.1,4.7,70.0,6.0,12509,13.9,0,0,2,7,23.4,94.0,26.0,Low,preventive maintenance,0.37,"road is not critical yet, but early treatment prevents decline",30.31,Low,22.9,23.18,16.81,19.33,24.52,70.5
CHN-RD-035,Velachery Canal Bank Road,Velachery,13,177,12.960851,80.216905,interior,bituminous,2.93,6,1,9,3.1,6.3,38.4,3.3,76.0,4.0,4665,10.3,0,0,0,31,15.2,70.0,25.69,Low,pothole patching,0.53,localized pothole damage can be repaired quickly,29.64,Low,27.85,32.05,10.57,18.74,17.63,52.5
CHN-RD-040,Velachery High Road,Velachery,13,177,12.972964,80.226644,interior,bituminous,2.24,11,6,7,2.4,22.7,34.2,2.8,90.0,1.0,12287,7.2,0,0,1,11,4.5,78.0,25.18,Low,pothole patching,0.4,localized pothole damage can be repaired quickly,29.05,Low,20.45,33.72,14.0,12.18,6.02,58.5
CHN-RD-057,Kodambakkam Link Road,Kodambakkam,10,133,13.059944,80.232708,interior,bituminous,1.25,9,7,2,1.0,32.6,43.3,5.1,36.0,7.0,6015,25.3,0,0,0,3,47.2,57.0,24.97,Low,preventive maintenance,0.15,"road is not critical yet, but early treatment prevents decline",29.2,Low,8.57,24.5,17.4,14.74,44.73,42.75
CHN-RD-018,Adyar 1st Street,Adyar,13,174,12.996599,80.25529,interior,bituminous,2.22,14,0,8,1.4,10.8,37.4,4.3,77.0,0.0,5888,6.2,0,0,5,26,13.3,89.0,24.92,Low,pothole patching,0.4,localized pothole damage can be repaired quickly,28.02,Low,19.85,21.99,9.68,31.54,12.04,66.75
CHN-RD-038,T Nagar Market Road,T Nagar,10,135,13.030073,80.217986,interior,bituminous,3.76,7,1,5,1.7,3.5,25.5,3.1,64.0,5.0,11580,15.5,0,1,2,14,33.7,80.0,24.68,Low,preventive maintenance,0.45,"road is not critical yet, but early treatment prevents decline",28.61,Low,25.19,16.62,16.88,16.5,28.54,85.0
CHN-RD-076,Mylapore Market Road,Mylapore,9,122,13.029245,80.266601,interior,bituminous,1.08,7,1,4,1.9,24.1,19.2,4.1,74.0,8.0,10346,7.5,0,0,5,10,34.8,80.0,24.42,Low,preventive maintenance,0.13,"road is not critical yet, but early treatment prevents decline",28.84,Low,7.08,19.79,12.93,25.15,28.87,60.0
CHN-RD-007,Kodambakkam High Road,Kodambakkam,10,131,13.041297,80.226806,interior,bituminous,1.09,5,5,6,1.2,24.2,27.8,4.6,84.0,6.0,11855,9.3,0,0,2,11,11.4,63.0,23.16,Low,pothole patching,0.2,localized pothole damage can be repaired quickly,27.49,Low,8.42,24.57,14.57,20.43,16.02,47.25
CHN-RD-001,Royapuram Market Road,Royapuram,5,49,13.101297,80.31186,interior,bituminous,1.19,5,5,6,1.4,33.1,24.7,3.6,37.0,11.0,4179,3.9,0,0,1,10,44.4,40.0,23.08,Low,pothole patching,0.21,localized pothole damage can be repaired quickly,27.91,Low,9.13,27.05,7.72,14.49,48.2,30.0
CHN-RD-067,Guindy 2nd Avenue,Guindy,13,170,13.002475,80.19983,interior,bituminous,2.37,8,0,5,1.0,16.3,36.0,3.9,32.0,15.0,13474,11.5,0,0,2,12,61.0,45.0,23.03,Low,preventive maintenance,0.28,"road is not critical yet, but early treatment prevents decline",28.54,Low,13.83,16.79,16.44,18.45,59.6,33.75
CHN-RD-002,Anna Nagar 1st Street,Anna Nagar,8,103,13.076611,80.22582,interior,bituminous,1.54,9,0,1,1.0,12.2,40.0,4.0,73.0,5.0,10027,19.7,0,1,0,9,22.1,87.0,21.76,Low,preventive maintenance,0.18,"road is not critical yet, but early treatment prevents decline",25.45,Low,8.02,10.95,17.61,13.21,21.91,90.25
CHN-RD-050,Adyar Canal Bank Road,Adyar,13,173,12.998962,80.267072,interior,bituminous,3.14,16,3,5,1.0,28.7,52.8,5.8,93.0,6.0,8526,10.9,0,0,3,6,14.3,33.0,21.64,Low,preventive maintenance,0.38,"road is not critical yet, but early treatment prevents decline",25.85,Low,16.17,25.43,13.18,24.89,13.74,24.75
CHN-RD-021,Nungambakkam School Road,Nungambakkam,9,109,13.065317,80.259257,interior,bituminous,3.22,8,1,3,1.8,23.9,23.3,4.7,76.0,0.0,13922,14.2,0,0,2,0,11.0,78.0,21.36,Low,preventive maintenance,0.39,"road is not critical yet, but early treatment prevents decline",24.69,Low,16.16,18.54,17.8,16.83,11.7,58.5
CHN-RD-029,Velachery Station Road,Velachery,13,176,12.974044,80.207907,collector,bituminous,5.69,4,0,2,1.4,17.2,29.8,2.8,62.0,8.0,16841,15.9,0,0,0,13,37.0,73.0,21.12,Low,preventive maintenance,0.68,"road is not critical yet, but early treatment prevents decline",25.63,Low,27.92,13.74,23.26,10.64,33.73,54.75
CHN-RD-034,Thiruvanmiyur Main Road,Thiruvanmiyur,13,179,12.99589,80.244301,interior,bituminous,1.59,10,4,9,1.7,15.7,50.8,2.1,69.0,0.0,2859,3.6,0,0,1,14,19.9,37.0,20.91,Low,pothole patching,0.29,localized pothole damage can be repaired quickly,24.2,Low,10.01,32.27,6.79,10.92,16.82,27.75
CHN-RD-072,Nungambakkam School Road,Nungambakkam,9,111,13.043484,80.259734,interior,cement_concrete,3.57,3,3,0,1.0,28.4,9.4,4.4,79.0,6.0,3019,1.5,0,1,2,0,23.6,99.0,20.84,Low,preventive maintenance,0.43,"road is not critical yet, but early treatment prevents decline",24.39,Low,17.06,10.99,6.05,15.83,21.43,99.25
CHN-RD-085,Nungambakkam Canal Bank Road,Nungambakkam,9,111,13.061874,80.227559,interior,bituminous,3.22,3,3,2,1.6,5.2,30.7,3.0,93.0,4.0,13526,2.0,0,1,1,0,13.3,89.0,20.68,Low,preventive maintenance,0.39,"road is not critical yet, but early treatment prevents decline",24.49,Low,15.15,15.19,12.67,8.92,11.11,91.75
CHN-RD-071,Perambur Main Road,Perambur,6,71,13.110844,80.217229,interior,bituminous,3.46,7,2,7,1.8,24.4,38.8,2.7,87.0,7.0,5195,1.3,0,0,4,11,15.3,22.0,19.71,Low,pothole patching,0.62,localized pothole damage can be repaired quickly,24.01,Low,19.36,27.89,7.3,18.6,17.31,16.5
CHN-RD-078,Kodambakkam 2nd Avenue,Kodambakkam,10,133,13.069589,80.208117,collector,cement_concrete,4.64,3,0,5,2.1,12.0,13.5,4.1,94.0,2.0,22513,25.5,0,0,1,19,5.1,22.0,19.23,Low,preventive maintenance,0.56,"road is not critical yet, but early treatment prevents decline",23.18,Low,18.87,17.5,30.57,19.37,5.96,16.5
CHN-RD-025,T Nagar Link Road,T Nagar,10,135,13.030057,80.218802,interior,bituminous,3.62,3,1,5,1.0,10.5,18.2,2.6,91.0,7.0,4440,2.0,0,1,0,14,11.5,70.0,18.1,Low,preventive maintenance,0.43,"road is not critical yet, but early treatment prevents decline",21.94,Low,13.05,13.46,7.12,10.33,14.77,77.5
CHN-RD-088,Royapuram Market Road,Royapuram,5,50,13.109691,80.291532,interior,bituminous,1.84,1,0,1,1.7,22.1,24.4,1.2,89.0,3.0,9865,10.1,0,0,3,0,16.7,87.0,17.59,Low,preventive maintenance,0.22,"road is not critical yet, but early treatment prevents decline",21.07,Low,6.26,14.02,13.68,7.42,12.36,65.25
CHN-RD-012,Velachery Link Road,Velachery,13,177,12.958492,80.229216,interior,bituminous,2.36,5,3,5,1.7,13.4,31.0,4.1,90.0,0.0,4588,12.6,0,0,0,8,12.4,40.0,17.36,Low,preventive maintenance,0.28,"road is not critical yet, but early treatment prevents decline",20.4,Low,7.82,21.79,11.45,13.19,7.22,30.0
CHN-RD-004,Mylapore Market Road,Mylapore,9,122,13.026466,80.257394,interior,bituminous,2.11,3,0,0,1.0,18.3,15.3,3.1,90.0,1.0,4296,8.6,0,0,0,0,7.7,54.0,10.77,Low,preventive maintenance,0.25,"road is not critical yet, but early treatment prevents decline",13.5,Low,2.69,6.72,9.67,7.0,6.98,40.5
